"Player","Pos","Team                     Signed With","Age                     At Signing","Start                     Year","End                     Year","Yrs","Value","Average                     Salary","Average %                     % of Cap At Sign","Signing Bonus","Guarantee                     at Sign","Practical                     Guarantee","2-Year                     Cash Total","3-Year                     Cash Total"
"Teair Tart","DL","LAC                  LAC","28","2026","2028","3","$30,000,000","$10,000,000","3.30%","$6,000,000","$15,000,000","$20,000,000","$20,000,000","$30,000,000"
"Devin Veresuk","LB","IND                  IND","","2026","2028","3","$3,110,000","$1,036,667","0.34%","$10,000","$10,000","$10,000","$1,945,000","$3,110,000"
"Dohnte Meyers","WR","CIN                  CIN","","2026","2028","3","$3,110,000","$1,036,667","0.34%","$10,000","$10,000","$10,000","$1,945,000","$3,110,000"
"Damien Alford","WR","NO                  NO","","2026","2028","3","$3,110,000","$1,036,667","0.34%","$10,000","$10,000","$10,000","$1,945,000","$3,110,000"
"Layne Pryor","TE","HOU                  HOU","","2026","2028","3","$3,100,000","$1,033,333","0.34%","","","","$1,935,000","$3,100,000"
"Rob Carter","S","IND                  IND","","2026","2028","3","$3,100,000","$1,033,333","0.34%","","","","$1,935,000","$3,100,000"
"Jacob Roberts","LB","MIN                  MIN","","2026","2028","3","$3,100,000","$1,033,333","0.34%","","","","$1,935,000","$3,100,000"
"Wyett Ekeler","S","IND                  IND","","2026","2028","3","$3,100,000","$1,033,333","0.34%","","","","$1,935,000","$3,100,000"
"John Ojukwu","LT","PHI                  PHI","27","2026","2027","2","$2,445,000","$1,222,500","0.40%","$25,000","$25,000","$25,000","$2,445,000","$2,445,000"
"Zion Logue","DL","BUF                  BUF","24","2026","2027","2","$2,272,000","$1,136,000","0.37%","$7,000","$7,000","$7,000","$2,272,000","$2,272,000"
"Tyler Scott","WR","LAR                  LAR","24","2026","2027","2","$2,265,000","$1,132,500","0.37%","","","","$2,265,000","$2,265,000"
"Andre Jones Jr.","ED","BUF                  BUF","27","2026","2027","2","$2,265,000","$1,132,500","0.37%","","","","$2,265,000","$2,265,000"
"Mohamed Kamara","ED","TB                  TB","26","2026","2027","2","$2,265,000","$1,132,500","0.37%","","","","$2,265,000","$2,265,000"
"Isaiah Land","ED","DAL                  DAL","25","2026","2027","2","$2,265,000","$1,132,500","0.37%","","","","$2,265,000","$2,265,000"
"Israel Abanikanda","RB","DAL                  DAL","23","2026","2027","2","$2,265,000","$1,132,500","0.37%","","","","$2,265,000","$2,265,000"
"E.J. Jenkins","TE","PHI                  PHI","27","2026","2027","2","$2,165,333","$1,082,667","0.36%","$40,333","$40,333","$40,333","$2,165,333","$2,165,333"
"Keonta Jenkins","LB","BUF                  BUF","23","2026","2027","2","$2,131,000","$1,065,500","0.35%","$6,000","$6,000","$6,000","$2,131,000","$2,131,000"
"Jack Heflin","DL","NYJ                  NYJ","27","2026","2027","2","$2,125,000","$1,062,500","0.35%","","","","$2,125,000","$2,125,000"
"Kai Kroeger","P","NO                  NO","23","2026","2027","2","$2,125,000","$1,062,500","0.35%","","","","$2,125,000","$2,125,000"
"Elias Neal","LB","LAR                  LAR","24","2026","2027","2","$2,125,000","$1,062,500","0.35%","","","","$2,125,000","$2,125,000"
"Dylan McMahon","C","LAR                  LAR","26","2026","2027","2","$2,125,000","$1,062,500","0.35%","","","","$2,125,000","$2,125,000"
"Cam Lampkin","CB","LAR                  LAR","24","2026","2027","2","$2,125,000","$1,062,500","0.35%","","","","$2,125,000","$2,125,000"
"Tanner Ingle","S","LAR                  LAR","26","2026","2027","2","$2,125,000","$1,062,500","0.35%","","","","$2,125,000","$2,125,000"
"A.J. Arcuri","LT","LAR                  LAR","28","2026","2027","2","$2,125,000","$1,062,500","0.35%","","","","$2,125,000","$2,125,000"
"Zaire Mitchell-Paden","TE","NO                  NO","26","2026","2027","2","$2,125,000","$1,062,500","0.35%","","","","$2,125,000","$2,125,000"
"Jaheim Bell","TE","PHI                  PHI","24","2026","2027","2","$2,125,000","$1,062,500","0.35%","","","","$2,125,000","$2,125,000"
"Jose Ramirez","ED","PHI                  PHI","26","2026","2027","2","$2,125,000","$1,062,500","0.35%","","","","$2,125,000","$2,125,000"
"Andre’ Sam","S","PHI                  PHI","26","2026","2027","2","$2,125,000","$1,062,500","0.35%","","","","$2,125,000","$2,125,000"
"Carson Steele","RB","PHI                  PHI","23","2026","2027","2","$2,125,000","$1,062,500","0.35%","","","","$2,125,000","$2,125,000"
"Omar Brown","S","MIA                  MIA","25","2026","2027","2","$2,125,000","$1,062,500","0.35%","","","","$2,125,000","$2,125,000"
"Brandon Johnson","CB","PHI                  PHI","22","2026","2027","2","$2,125,000","$1,062,500","0.35%","","","","$2,125,000","$2,125,000"
"Danny Gray","WR","PHI                  PHI","26","2026","2027","2","$2,125,000","$1,062,500","0.35%","","","","$2,125,000","$2,125,000"
"Julius Wood","S","DAL                  DAL","24","2026","2027","2","$2,125,000","$1,062,500","0.35%","","","","$2,125,000","$2,125,000"
"Zion Childress","S","DAL                  DAL","23","2026","2027","2","$2,125,000","$1,062,500","0.35%","","","","$2,125,000","$2,125,000"
"Blake Watson","RB","TEN                  TEN","26","2026","2027","2","$2,125,000","$1,062,500","0.35%","","","","$2,125,000","$2,125,000"
"Owen Wright","RB","TB                  TB","26","2026","2027","2","$2,125,000","$1,062,500","0.35%","","","","$2,125,000","$2,125,000"
"Josh Williams","RB","TB                  TB","25","2026","2027","2","$2,125,000","$1,062,500","0.35%","","","","$2,125,000","$2,125,000"
"Nick Jackson","LB","TB                  TB","25","2026","2027","2","$2,125,000","$1,062,500","0.35%","","","","$2,125,000","$2,125,000"
"Marcus Banks","S","TB                  TB","25","2026","2027","2","$2,125,000","$1,062,500","0.35%","","","","$2,125,000","$2,125,000"
"Garrett Greene","WR","TB                  TB","24","2026","2027","2","$1,970,000","$985,000","0.32%","$35,000","$35,000","$35,000","$1,970,000","$1,970,000"
"Stephen Gosnell","WR","BUF                  BUF","24","2026","2027","2","$1,943,500","$971,750","0.32%","$8,500","$8,500","$8,500","$1,943,500","$1,943,500"
"Travis Clayton","T","BUF                  BUF","24","2026","2027","2","$1,943,500","$971,750","0.32%","$8,500","$8,500","$8,500","$1,943,500","$1,943,500"
"Tommy Akingbesote","DL","BUF                  BUF","22","2026","2027","2","$1,940,000","$970,000","0.32%","$5,000","$5,000","$5,000","$1,940,000","$1,940,000"
"Te'Cory Couch","CB","BUF                  BUF","26","2026","2027","2","$1,939,500","$969,750","0.32%","$4,500","$4,500","$4,500","$1,939,500","$1,939,500"
"Jimmy Ciarlo","LB","BUF                  BUF","","2026","2027","2","$1,938,500","$969,250","0.32%","$3,500","$3,500","$3,500","$1,938,500","$1,938,500"
"MJ Devonshire","CB","BUF                  BUF","25","2026","2027","2","$1,936,500","$968,250","0.32%","$1,500","$1,500","$1,500","$1,936,500","$1,936,500"
"Jordan Waters","RB","LAR                  LAR","25","2026","2027","2","$1,935,000","$967,500","0.32%","","","","$1,935,000","$1,935,000"
"Alex Johnson","CB","LAR                  LAR","25","2026","2027","2","$1,935,000","$967,500","0.32%","","","","$1,935,000","$1,935,000"
"Mark Redman","TE","LAR                  LAR","24","2026","2027","2","$1,935,000","$967,500","0.32%","","","","$1,935,000","$1,935,000"
"Brennan Presley","WR","LAR                  LAR","23","2026","2027","2","$1,935,000","$967,500","0.32%","","","","$1,935,000","$1,935,000"
"Bill Norton","DL","LAR                  LAR","25","2026","2027","2","$1,935,000","$967,500","0.32%","","","","$1,935,000","$1,935,000"
"Tru Edwards","WR","LAR                  LAR","24","2026","2027","2","$1,935,000","$967,500","0.32%","","","","$1,935,000","$1,935,000"
"Caleb Lohner","TE","DEN                  DEN","25","2026","2027","2","$1,935,000","$967,500","0.32%","","","","$1,935,000","$1,935,000"
"Seth Coleman","ED","MIA                  MIA","25","2026","2027","2","$1,935,000","$967,500","0.32%","","","","$1,935,000","$1,935,000"
"Nate Valcarcel","S","LAR                  LAR","23","2026","2027","2","$1,935,000","$967,500","0.32%","","","","$1,935,000","$1,935,000"
"Daryl Porter","S","BUF                  BUF","23","2026","2027","2","$1,935,000","$967,500","0.32%","","","","$1,935,000","$1,935,000"
"Frank Gore Jr.","RB","BUF                  BUF","23","2026","2027","2","$1,935,000","$967,500","0.32%","","","","$1,935,000","$1,935,000"
"Mario Williams","WR","LAR                  LAR","22","2026","2027","2","$1,935,000","$967,500","0.32%","","","","$1,935,000","$1,935,000"
"Wyatt Bowles","G","LAR                  LAR","25","2026","2027","2","$1,935,000","$967,500","0.32%","","","","$1,935,000","$1,935,000"
"Hollin Pierce","T","PHI                  PHI","24","2026","2027","2","$1,935,000","$967,500","0.32%","","","","$1,935,000","$1,935,000"
"Jake Majors","C","PHI                  PHI","23","2026","2027","2","$1,935,000","$967,500","0.32%","","","","$1,935,000","$1,935,000"
"Gabe Hall","DL","PHI                  PHI","25","2026","2027","2","$1,935,000","$967,500","0.32%","","","","$1,935,000","$1,935,000"
"Lenny Krieg","K","NYJ                  NYJ","23","2026","2027","2","$1,935,000","$967,500","0.32%","","","","$1,935,000","$1,935,000"
"Braeden Daniels","LT","MIA                  MIA","25","2026","2027","2","$1,935,000","$967,500","0.32%","","","","$1,935,000","$1,935,000"
"Keith Cooper Jr.","DL","MIA                  MIA","","2026","2027","2","$1,935,000","$967,500","0.32%","","","","$1,935,000","$1,935,000"
"Marshall Foerner","T","TB                  TB","25","2026","2027","2","$1,935,000","$967,500","0.32%","","","","$1,935,000","$1,935,000"
"Michael Wiley","RB","TB                  TB","25","2026","2027","2","$1,935,000","$967,500","0.32%","","","","$1,935,000","$1,935,000"
"Josh Priebe","G","MIA                  MIA","24","2026","2027","2","$1,935,000","$967,500","0.32%","","","","$1,935,000","$1,935,000"
"K.C. Ossai","LB","MIA                  MIA","23","2026","2027","2","$1,935,000","$967,500","0.32%","","","","$1,935,000","$1,935,000"
"Derrick McLendon","ED","MIA                  MIA","25","2026","2027","1","$1,935,000","$1,935,000","0.64%","","","","$1,935,000","$1,935,000"
"Alex Huntley","ED","MIA                  MIA","24","2026","2027","2","$1,935,000","$967,500","0.32%","","","","$1,935,000","$1,935,000"
"AJ Henning","WR","MIA                  MIA","24","2026","2027","2","$1,935,000","$967,500","0.32%","","","","$1,935,000","$1,935,000"
"Adedayo Odeleye","ED","DAL                  DAL","28","2026","2027","2","$1,935,000","$967,500","0.32%","","","","$1,935,000","$1,935,000"
"Marcellus Johnson","LT","DAL                  DAL","25","2026","2027","2","$1,935,000","$967,500","0.32%","","","","$1,935,000","$1,935,000"
"Traeshon Holden","WR","DAL                  DAL","24","2026","2027","2","$1,935,000","$967,500","0.32%","","","","$1,935,000","$1,935,000"
"Maddux Trujillo","K","BUF                  BUF","22","2026","2027","2","$1,935,000","$967,500","0.32%","","","","$1,935,000","$1,935,000"
"Joel Wilson","TE","TEN                  TEN","25","2026","2027","2","$1,935,000","$967,500","0.32%","","","","$1,935,000","$1,935,000"
"Clay Webb","C","TEN                  TEN","25","2026","2027","2","$1,935,000","$967,500","0.32%","","","","$1,935,000","$1,935,000"
"Cam Riley","LB","TEN                  TEN","23","2026","2027","2","$1,935,000","$967,500","0.32%","","","","$1,935,000","$1,935,000"
"Xavier Restrepo","WR","TEN                  TEN","23","2026","2027","2","$1,935,000","$967,500","0.32%","","","","$1,935,000","$1,935,000"
"Isaiah Raikes","DL","TEN                  TEN","24","2026","2027","2","$1,935,000","$967,500","0.32%","","","","$1,935,000","$1,935,000"
"Hal Presley","WR","TEN                  TEN","23","2026","2027","2","$1,935,000","$967,500","0.32%","","","","$1,935,000","$1,935,000"
"Nate Lynn","DL","TEN                  TEN","23","2026","2027","2","$1,935,000","$967,500","0.32%","","","","$1,935,000","$1,935,000"
"Keydrain Calligan","S","TEN                  TEN","24","2026","2027","2","$1,935,000","$967,500","0.32%","","","","$1,935,000","$1,935,000"
"David Ebuka Agoha","DL","TEN                  TEN","24","2026","2027","2","$1,935,000","$967,500","0.32%","","","","$1,935,000","$1,935,000"
"Ben Scott","C","TB                  TB","24","2026","2027","2","$1,935,000","$967,500","0.32%","","","","$1,935,000","$1,935,000"
"Jayson Jones","DL","TB                  TB","24","2026","2027","2","$1,935,000","$967,500","0.32%","","","","$1,935,000","$1,935,000"
"Nash Hutmacher","DL","TB                  TB","24","2026","2027","2","$1,935,000","$967,500","0.32%","","","","$1,935,000","$1,935,000"
"Dennis Houston","WR","TB                  TB","26","2026","2027","2","$1,935,000","$967,500","0.32%","","","","$1,935,000","$1,935,000"
"Jamaal Pritchett","WR","NYJ                  NYJ","22","2026","2027","2","$1,935,000","$967,500","0.32%","","","","$1,935,000","$1,935,000"
"Liam Fornadel","G","NYJ                  NYJ","","2026","2027","2","$1,935,000","$967,500","0.32%","","","","$1,935,000","$1,935,000"
"Barry Wesley","LT","NO                  NO","26","2026","2027","2","$1,935,000","$967,500","0.32%","","","","$1,935,000","$1,935,000"
"Jayden Price","CB","NO                  NO","25","2026","2027","2","$1,935,000","$967,500","0.32%","","","","$1,935,000","$1,935,000"
"Easton Kilty","T","NO                  NO","23","2026","2027","2","$1,935,000","$967,500","0.32%","","","","$1,935,000","$1,935,000"
"Coziah Izzard","DL","NO                  NO","24","2026","2027","2","$1,935,000","$967,500","0.32%","","","","$1,935,000","$1,935,000"
"Elliott Davison","S","NO                  NO","24","2026","2027","2","$1,935,000","$967,500","0.32%","","","","$1,935,000","$1,935,000"
"Dalys Beanum","CB","NO                  NO","23","2026","2027","2","$1,935,000","$967,500","0.32%","","","","$1,935,000","$1,935,000"
"Julian Blackmon","S","NO                  NO","27","2026","2026","1","$1,515,000","$1,515,000","0.50%","$300,000","$1,000,000","$1,000,000","$1,515,000","$1,515,000"
"Tanner Hudson","TE","CIN                  CIN","31","2026","2026","1","$1,350,000","$1,350,000","0.44%","$50,000","$50,000","$50,000","$1,350,000","$1,350,000"
"Mecole Hardman","WR","BUF                  BUF","27","2026","2026","1","$1,325,000","$1,325,000","0.44%","","","","$1,325,000","$1,325,000"
"Eli Apple","CB","SF                  SF","30","2026","2026","1","$1,300,000","$1,300,000","0.43%","","","","$1,300,000","$1,300,000"
"Phillip Dorsett","WR","LV                  LV","33","2026","2026","1","$1,300,000","$1,300,000","0.43%","","","","$1,300,000","$1,300,000"
"Joe Giles-Harris","LB","CIN                  CIN","28","2026","2026","1","$1,235,000","$1,235,000","0.41%","","","","$1,235,000","$1,235,000"
"Terrace Marshall","WR","MIA                  MIA","25","2026","2026","1","$1,215,000","$1,215,000","0.40%","","","","$1,215,000","$1,215,000"
"Will Grier","QB","DAL                  DAL","30","2026","2026","1","$1,215,000","$1,215,000","0.40%","","","","$1,215,000","$1,215,000"
"Michael Deiter","G","DEN                  DEN","29","2026","2026","1","$1,215,000","$1,215,000","0.40%","","","","$1,215,000","$1,215,000"
"Calvin Throckmorton","G","DEN                  DEN","29","2026","2026","1","$1,215,000","$1,215,000","0.40%","","","","$1,215,000","$1,215,000"
"DeMarvin Leal","ED","NYG                  NYG","25","2026","2026","1","$1,215,000","$1,215,000","0.40%","","","","$1,215,000","$1,215,000"
"Malik Turner","WR","SF                  SF","29","2026","2026","1","$1,215,000","$1,215,000","0.40%","","","","$1,215,000","$1,215,000"
"Brandon Parker","RT","SF                  SF","30","2026","2026","1","$1,215,000","$1,215,000","0.40%","","","","$1,215,000","$1,215,000"
"Darrick Forrest","S","SF                  SF","26","2026","2026","1","$1,215,000","$1,215,000","0.40%","","","","$1,215,000","$1,215,000"
"Nephi Sewell","LB","CHI                  CHI","27","2026","2026","1","$1,215,000","$1,215,000","0.40%","","","","$1,215,000","$1,215,000"
"Dallis Flowers","CB","CHI                  CHI","28","2026","2026","1","$1,215,000","$1,215,000","0.40%","","","","$1,215,000","$1,215,000"
"Cal Adomitis","LS","PIT                  PIT","27","2026","2026","1","$1,215,000","$1,215,000","0.40%","","","","$1,215,000","$1,215,000"
"Ben Cleveland","G","LAC                  LAC","27","2026","2026","1","$1,215,000","$1,215,000","0.40%","","","","$1,215,000","$1,215,000"
"Ihmir Smith-Marsette","WR","ARI                  ARI","26","2026","2026","1","$1,215,000","$1,215,000","0.40%","","","","$1,215,000","$1,215,000"
"Marlon Tuipulotu","DL","NYG                  NYG","26","2026","2026","1","$1,215,000","$1,215,000","0.40%","","","","$1,215,000","$1,215,000"
"Quez Watkins","WR","PHI                  PHI","27","2026","2026","1","$1,215,000","$1,215,000","0.40%","","","","$1,215,000","$1,215,000"
"Bailey Zappe","QB","NYJ                  NYJ","26","2026","2026","1","$1,215,000","$1,215,000","0.40%","","","","$1,215,000","$1,215,000"
"Tim Jones","WR","JAX                  JAX","27","2026","2026","1","$1,215,000","$1,215,000","0.40%","","","","$1,215,000","$1,215,000"
"Pierre Strong","RB","GB                  GB","27","2026","2026","1","$1,215,000","$1,215,000","0.40%","","","","$1,215,000","$1,215,000"
"Dan Chisena","WR","CAR                  CAR","28","2026","2026","1","$1,215,000","$1,215,000","0.40%","","","","$1,215,000","$1,215,000"
"Saahdiq Charles","G","CAR                  CAR","26","2026","2026","1","$1,215,000","$1,215,000","0.40%","","","","$1,215,000","$1,215,000"
"Nick Leverett","G","DAL                  DAL","28","2026","2026","1","$1,215,000","$1,215,000","0.40%","","","","$1,215,000","$1,215,000"
"Samuel Womack","CB","NYJ                  NYJ","26","2026","2026","1","$1,215,000","$1,215,000","0.40%","","","","$1,215,000","$1,215,000"
"Tanner Conner","WR","NYG                  NYG","27","2026","2026","1","$1,215,000","$1,215,000","0.40%","","","","$1,215,000","$1,215,000"
"Albert Okwuegbunam","TE","LV                  LV","27","2026","2026","1","$1,215,000","$1,215,000","0.40%","","","","$1,215,000","$1,215,000"
"Joshua Miles","RT","LV                  LV","30","2026","2026","1","$1,215,000","$1,215,000","0.40%","","","","$1,215,000","$1,215,000"
"Jamin Davis","LB","LV                  LV","27","2026","2026","1","$1,215,000","$1,215,000","0.40%","","","","$1,215,000","$1,215,000"
"Sean McKeon","TE","IND                  IND","28","2026","2026","1","$1,215,000","$1,215,000","0.40%","","","","$1,215,000","$1,215,000"
"Parris Campbell","WR","DAL                  DAL","28","2026","2026","1","$1,215,000","$1,215,000","0.40%","","","","$1,215,000","$1,215,000"
"Tyre Phillips","T","CLE                  CLE","28","2026","2026","1","$1,215,000","$1,215,000","0.40%","","","","$1,215,000","$1,215,000"
"Amani Oruwariye","CB","BAL                  BAL","29","2026","2026","1","$1,215,000","$1,215,000","0.40%","","","","$1,215,000","$1,215,000"
"Ambry Thomas","CB","PHI                  PHI","26","2026","2026","1","$1,162,500","$1,162,500","0.38%","$17,500","$17,500","$17,500","$1,162,500","$1,162,500"
"Austin Trammell","WR","JAX                  JAX","27","2026","2026","1","$1,155,000","$1,155,000","0.38%","$10,000","$10,000","$10,000","$1,155,000","$1,155,000"
"Trey Hill","C","TEN                  TEN","26","2026","2026","1","$1,145,000","$1,145,000","0.38%","","","","$1,145,000","$1,145,000"
"Brayden Willis","TE","SF                  SF","26","2026","2026","1","$1,145,000","$1,145,000","0.38%","","","","$1,145,000","$1,145,000"
"Desmond Ridder","QB","GB                  GB","26","2026","2026","1","$1,145,000","$1,145,000","0.38%","","","","$1,145,000","$1,145,000"
"Isaiah Foskey","LB","CIN                  CIN","25","2026","2026","1","$1,145,000","$1,145,000","0.38%","","","","$1,145,000","$1,145,000"
"Zach Thomas","G","SF                  SF","27","2026","2026","1","$1,145,000","$1,145,000","0.38%","","","","$1,145,000","$1,145,000"
"Alex Ward","LS","LV                  LV","26","2026","2026","1","$1,145,000","$1,145,000","0.38%","","","","$1,145,000","$1,145,000"
"Jalen Graham","LB","SF                  SF","25","2026","2026","1","$1,145,000","$1,145,000","0.38%","","","","$1,145,000","$1,145,000"
"Kaevon Merriweather","S","HOU                  HOU","26","2026","2026","1","$1,145,000","$1,145,000","0.38%","","","","$1,145,000","$1,145,000"
"Jonathan Garvin","ED","CHI                  CHI","26","2026","2026","1","$1,145,000","$1,145,000","0.38%","","","","$1,145,000","$1,145,000"
"Stephen Carlson","TE","CHI                  CHI","29","2026","2026","1","$1,145,000","$1,145,000","0.38%","","","","$1,145,000","$1,145,000"
"Andre Carter II","ED","WAS                  WAS","25","2026","2026","1","$1,145,000","$1,145,000","0.38%","","","","$1,145,000","$1,145,000"
"Tariq Castro-Fields","CB","PHI                  PHI","26","2026","2026","1","$1,145,000","$1,145,000","0.38%","","","","$1,145,000","$1,145,000"
"Lawrence Cager","WR","WAS                  WAS","28","2026","2026","1","$1,145,000","$1,145,000","0.38%","","","","$1,145,000","$1,145,000"
"Milo Eifler","LB","SF                  SF","27","2026","2026","1","$1,145,000","$1,145,000","0.38%","","","","$1,145,000","$1,145,000"
"Kion Smith","G","MIA                  MIA","27","2026","2026","1","$1,145,000","$1,145,000","0.38%","","","","$1,145,000","$1,145,000"
"D.J. Johnson","LB","WAS                  WAS","27","2026","2026","1","$1,145,000","$1,145,000","0.38%","","","","$1,145,000","$1,145,000"
"Benton Whitley","DL","TB                  TB","26","2026","2026","1","$1,145,000","$1,145,000","0.38%","","","","$1,145,000","$1,145,000"
"Kahlef Hailassie","S","MIN                  MIN","25","2026","2026","1","$1,145,000","$1,145,000","0.38%","","","","$1,145,000","$1,145,000"
"Josh Sills","G","IND                  IND","27","2026","2026","1","$1,145,000","$1,145,000","0.38%","","","","$1,145,000","$1,145,000"
"Russ Yeast","S","CIN                  CIN","26","2026","2026","1","$1,145,000","$1,145,000","0.38%","","","","$1,145,000","$1,145,000"
"Gary Brightwell","RB","CIN                  CIN","26","2026","2026","1","$1,145,000","$1,145,000","0.38%","","","","$1,145,000","$1,145,000"
"Ben Stille","DL","ATL                  ATL","28","2026","2026","1","$1,145,000","$1,145,000","0.38%","","","","$1,145,000","$1,145,000"
"Trenton Gill","P","ATL                  ATL","27","2026","2026","1","$1,145,000","$1,145,000","0.38%","","","","$1,145,000","$1,145,000"
"Eku Leota","LB","ARI                  ARI","26","2026","2026","1","$1,145,000","$1,145,000","0.38%","","","","$1,145,000","$1,145,000"
"Brandon Codrington","CB","HOU                  HOU","25","2026","2026","1","$1,100,000","$1,100,000","0.36%","$15,000","$15,000","$15,000","$1,100,000","$1,100,000"
"Shaka Heyward","LB","CIN                  CIN","25","2026","2026","1","$1,095,000","$1,095,000","0.36%","","","","$1,095,000","$1,095,000"
"Nick Broeker","G","BUF                  BUF","25","2026","2026","1","$1,080,000","$1,080,000","0.36%","$5,000","$5,000","$5,000","$1,080,000","$1,080,000"
"Tanner McCalister","S","KC                  KC","26","2026","2026","1","$1,075,000","$1,075,000","0.35%","","","","$1,075,000","$1,075,000"
"Jake Haener","QB","KC                  KC","26","2026","2026","1","$1,075,000","$1,075,000","0.35%","","","","$1,075,000","$1,075,000"
"A.T. Perry","WR","PIT                  PIT","26","2026","2026","1","$1,075,000","$1,075,000","0.35%","","","","$1,075,000","$1,075,000"
"Jason Brownlee","WR","KC                  KC","26","2026","2026","1","$1,075,000","$1,075,000","0.35%","","","","$1,075,000","$1,075,000"
"Deuce Vaughn","RB","DEN                  DEN","24","2026","2026","1","$1,075,000","$1,075,000","0.35%","","","","$1,075,000","$1,075,000"
"Cody Schrader","RB","DEN                  DEN","26","2026","2026","1","$1,075,000","$1,075,000","0.35%","","","","$1,075,000","$1,075,000"
"Levelle Bailey","LB","DEN                  DEN","25","2026","2026","1","$1,075,000","$1,075,000","0.35%","","","","$1,075,000","$1,075,000"
"Isaiah Stalbird","LB","NO                  NO","25","2026","2026","1","$1,075,000","$1,075,000","0.35%","","","","$1,075,000","$1,075,000"
"Mitchell Tinsley","WR","CIN                  CIN","26","2026","2026","1","$1,075,000","$1,075,000","0.35%","","","","$1,075,000","$1,075,000"
"Maurice Alexander","WR","CHI                  CHI","29","2026","2026","1","$1,075,000","$1,075,000","0.35%","","","","$1,075,000","$1,075,000"
"Xavier Thomas","ED","HOU                  HOU","26","2026","2026","1","$1,075,000","$1,075,000","0.35%","","","","$1,075,000","$1,075,000"
"Sidy Sow","G","HOU                  HOU","27","2026","2026","1","$1,075,000","$1,075,000","0.35%","","","","$1,075,000","$1,075,000"
"Jaden Crumedy","ED","GB                  GB","25","2026","2026","1","$1,075,000","$1,075,000","0.35%","","","","$1,075,000","$1,075,000"
"Nikola Kalinic","TE","CHI                  CHI","28","2026","2026","1","$1,075,000","$1,075,000","0.35%","","","","$1,075,000","$1,075,000"
"Brittain Brown","RB","CHI                  CHI","28","2026","2026","1","$1,075,000","$1,075,000","0.35%","","","","$1,075,000","$1,075,000"
"D’Shawn Jamison","CB","PIT                  PIT","26","2026","2026","1","$1,075,000","$1,075,000","0.35%","","","","$1,075,000","$1,075,000"
"Colton Dowell","WR","SF                  SF","26","2026","2026","1","$1,075,000","$1,075,000","0.35%","","","","$1,075,000","$1,075,000"
"K.J. Henry","DL","PIT                  PIT","26","2026","2026","1","$1,075,000","$1,075,000","0.35%","","","","$1,075,000","$1,075,000"
"Lucas Havrisik","K","GB                  GB","26","2026","2026","1","$1,075,000","$1,075,000","0.35%","","","","$1,075,000","$1,075,000"
"Demani Richardson","S","CAR                  CAR","25","2026","2026","1","$1,075,000","$1,075,000","0.35%","","","","$1,075,000","$1,075,000"
"Ja'Tyre Carter","G","CAR                  CAR","26","2026","2026","1","$1,075,000","$1,075,000","0.35%","","","","$1,075,000","$1,075,000"
"Carter Warren","RT","MIA                  MIA","26","2026","2026","1","$1,075,000","$1,075,000","0.35%","","","","$1,075,000","$1,075,000"
"Cole Turner","TE","MIA                  MIA","25","2026","2026","1","$1,075,000","$1,075,000","0.35%","","","","$1,075,000","$1,075,000"
"Cam Grandy","TE","CIN                  CIN","25","2026","2026","1","$1,075,000","$1,075,000","0.35%","","","","$1,075,000","$1,075,000"
"Darius Rush","CB","WAS                  WAS","25","2026","2026","1","$1,075,000","$1,075,000","0.35%","","","","$1,075,000","$1,075,000"
"Tre Hawkins III","CB","WAS                  WAS","26","2026","2026","1","$1,075,000","$1,075,000","0.35%","","","","$1,075,000","$1,075,000"
"Malaesala Aumavae-Laulu","G","WAS                  WAS","26","2026","2026","1","$1,075,000","$1,075,000","0.35%","","","","$1,075,000","$1,075,000"
"Timothy Horne","DL","TEN                  TEN","28","2026","2026","1","$1,075,000","$1,075,000","0.35%","","","","$1,075,000","$1,075,000"
"Damarion Williams","CB","TB                  TB","27","2026","2026","1","$1,075,000","$1,075,000","0.35%","","","","$1,075,000","$1,075,000"
"Ochaun Mathis","LB","NYJ                  NYJ","26","2026","2026","1","$1,075,000","$1,075,000","0.35%","","","","$1,075,000","$1,075,000"
"Swayze Bozeman","ED","NYG                  NYG","27","2026","2026","1","$1,075,000","$1,075,000","0.35%","","","","$1,075,000","$1,075,000"
"Josh Ross","LB","MIN                  MIN","26","2026","2026","1","$1,075,000","$1,075,000","0.35%","","","","$1,075,000","$1,075,000"
"Justin Shorter","TE","LV                  LV","25","2026","2026","1","$1,075,000","$1,075,000","0.35%","","","","$1,075,000","$1,075,000"
"McClendon Curtis","G","LV                  LV","26","2026","2026","1","$1,075,000","$1,075,000","0.35%","","","","$1,075,000","$1,075,000"
"Matt Waletzko","RT","KC                  KC","26","2026","2026","1","$1,075,000","$1,075,000","0.35%","","","","$1,075,000","$1,075,000"
"Bill Murray","G","IND                  IND","28","2026","2026","1","$1,075,000","$1,075,000","0.35%","","","","$1,075,000","$1,075,000"
"Jimmy Morrissey","C","IND                  IND","27","2026","2026","1","$1,075,000","$1,075,000","0.35%","","","","$1,075,000","$1,075,000"
"Loren Strickland","S","DET                  DET","25","2026","2026","1","$1,075,000","$1,075,000","0.35%","","","","$1,075,000","$1,075,000"
"Chris Smith","DL","DET                  DET","26","2026","2026","1","$1,075,000","$1,075,000","0.35%","","","","$1,075,000","$1,075,000"
"Sean Clifford","QB","CIN                  CIN","27","2026","2026","1","$1,075,000","$1,075,000","0.35%","","","","$1,075,000","$1,075,000"
"Chris Blair","WR","ATL                  ATL","27","2026","2026","1","$1,075,000","$1,075,000","0.35%","","","","$1,075,000","$1,075,000"
"Chance Campbell","LB","PHI                  PHI","26","2026","2026","1","$1,030,000","$1,030,000","0.34%","$25,000","$25,000","$25,000","$1,030,000","$1,030,000"
"Jamree Kromah","ED","CHI                  CHI","25","2026","2026","1","$1,005,000","$1,005,000","0.33%","","","","$1,005,000","$1,005,000"
"Austin Ajiake","LB","IND                  IND","25","2026","2026","1","$1,005,000","$1,005,000","0.33%","","","","$1,005,000","$1,005,000"
"Nick Whiteside","CB","DET                  DET","25","2026","2026","1","$1,005,000","$1,005,000","0.33%","","","","$1,005,000","$1,005,000"
"Jacob Saylors","RB","DET                  DET","24","2026","2026","1","$1,005,000","$1,005,000","0.33%","","","","$1,005,000","$1,005,000"
"Rejzohn Wright","CB","NO                  NO","25","2026","2026","1","$1,005,000","$1,005,000","0.33%","","","","$1,005,000","$1,005,000"
"P.J. Jules","S","CIN                  CIN","27","2026","2026","1","$1,005,000","$1,005,000","0.33%","","","","$1,005,000","$1,005,000"
"Qwuantrezz Knight","CB","WAS                  WAS","28","2026","2026","1","$1,005,000","$1,005,000","0.33%","","","","$1,005,000","$1,005,000"
"Hayden Rucci","TE","SF                  SF","24","2026","2206","1","$1,005,000","$1,005,000","0.33%","","","","$1,005,000","$1,005,000"
"Sebastian Valdez","DL","SF                  SF","23","2026","2026","1","$1,005,000","$1,005,000","0.33%","","","","$1,005,000","$1,005,000"
"Adrian Martinez","QB","SF                  SF","26","2026","2026","1","$1,005,000","$1,005,000","0.33%","","","","$1,005,000","$1,005,000"
"Andrew Farmer","LB","SF                  SF","25","2026","2026","1","$1,005,000","$1,005,000","0.33%","","","","$1,005,000","$1,005,000"
"Will Bradley-King","LB","SF                  SF","28","2026","2026","1","$1,005,000","$1,005,000","0.33%","","","","$1,005,000","$1,005,000"
"Evan Anderson","DL","SF                  SF","23","2026","2026","1","$1,005,000","$1,005,000","0.33%","","","","$1,005,000","$1,005,000"
"Jared Wayne","WR","HOU                  HOU","25","2026","2026","1","$1,005,000","$1,005,000","0.33%","","","","$1,005,000","$1,005,000"
"Solomon Byrd","ED","HOU                  HOU","26","2026","2026","1","$1,005,000","$1,005,000","0.33%","","","","$1,005,000","$1,005,000"
"Dominique Hampton","S","CHI                  CHI","25","2026","2026","1","$1,005,000","$1,005,000","0.33%","","","","$1,005,000","$1,005,000"
"Gervarrius Owens","S","CHI                  CHI","26","2026","2026","1","$1,005,000","$1,005,000","0.33%","","","","$1,005,000","$1,005,000"
"Kyle Hergel","G","CHI                  CHI","26","2026","2026","1","$1,005,000","$1,005,000","0.33%","","","","$1,005,000","$1,005,000"
"Sataoa Laumea","G","PIT                  PIT","25","2026","2026","1","$1,005,000","$1,005,000","0.33%","","","","$1,005,000","$1,005,000"
"Anthony Goodlow","DL","PIT                  PIT","25","2026","2026","1","$1,005,000","$1,005,000","0.33%","","","","$1,005,000","$1,005,000"
"Myles Cole","DL","NO                  NO","25","2026","2026","1","$1,005,000","$1,005,000","0.33%","","","","$1,005,000","$1,005,000"
"Tanner McLachlan","TE","LAC                  LAC","26","2026","2026","1","$1,005,000","$1,005,000","0.33%","","","","$1,005,000","$1,005,000"
"Dalevon Campbell","WR","LAC                  LAC","24","2026","2026","1","$1,005,000","$1,005,000","0.33%","","","","$1,005,000","$1,005,000"
"Cam'Ron Silmon-Craig","S","JAX                  JAX","23","2026","2026","1","$1,005,000","$1,005,000","0.33%","","","","$1,005,000","$1,005,000"
"Ricky Lee","LT","JAX                  JAX","26","2026","2026","1","$1,005,000","$1,005,000","0.33%","","","","$1,005,000","$1,005,000"
"Carter Bradley","QB","JAX                  JAX","25","2026","2026","1","$1,005,000","$1,005,000","0.33%","","","","$1,005,000","$1,005,000"
"Messiah Swinson","TE","GB                  GB","25","2026","2026","1","$1,005,000","$1,005,000","0.33%","","","","$1,005,000","$1,005,000"
"Jamon Johnson","LB","GB                  GB","24","2026","2026","1","$1,005,000","$1,005,000","0.33%","","","","$1,005,000","$1,005,000"
"Brant Banks","G","GB                  GB","25","2026","2026","1","$1,005,000","$1,005,000","0.33%","","","","$1,005,000","$1,005,000"
"Jacoby Windmon","LB","CAR                  CAR","24","2026","2026","1","$1,005,000","$1,005,000","0.33%","","","","$1,005,000","$1,005,000"
"Ainias Smith","WR","CAR                  CAR","24","2026","2026","1","$1,005,000","$1,005,000","0.33%","","","","$1,005,000","$1,005,000"
"Tyrek Funderburk","CB","CAR                  CAR","25","2026","2026","1","$1,005,000","$1,005,000","0.33%","","","","$1,005,000","$1,005,000"
"Jake Kubas","G","NYG                  NYG","25","2026","2026","1","$1,005,000","$1,005,000","0.33%","","","","$1,005,000","$1,005,000"
"Patrick McMorris","S","NYG                  NYG","24","2026","2026","1","$1,005,000","$1,005,000","0.33%","","","","$1,005,000","$1,005,000"
"Elijah Cooks","WR","NO                  NO","27","2026","2026","1","$1,005,000","$1,005,000","0.33%","","","","$1,005,000","$1,005,000"
"Beanie Bishop","CB","NO                  NO","26","2026","2026","1","$1,005,000","$1,005,000","0.33%","","","","$1,005,000","$1,005,000"
"Layden Robinson","G","LV                  LV","24","2026","2026","1","$1,005,000","$1,005,000","0.33%","","","","$1,005,000","$1,005,000"
"Brenden Rice","WR","LV                  LV","23","2026","2026","1","$1,005,000","$1,005,000","0.33%","","","","$1,005,000","$1,005,000"
"Chris Collier","RB","LV                  LV","25","2026","2026","1","$1,005,000","$1,005,000","0.33%","","","","$1,005,000","$1,005,000"
"Trey Washington","S","IND                  IND","23","2026","2026","1","$1,005,000","$1,005,000","0.33%","","","","$1,005,000","$1,005,000"
"Durell Nchami","ED","IND                  IND","25","2026","2026","1","$1,005,000","$1,005,000","0.33%","","","","$1,005,000","$1,005,000"
"Viliami Fehoko Jr.","ED","IND                  IND","26","2026","2026","1","$1,005,000","$1,005,000","0.33%","","","","$1,005,000","$1,005,000"
"Malik Cunningham","WR","DET                  DET","27","2026","2026","1","$1,005,000","$1,005,000","0.33%","","","","$1,005,000","$1,005,000"
"Devin Cochran","RT","DET                  DET","27","2026","2026","1","$1,005,000","$1,005,000","0.33%","","","","$1,005,000","$1,005,000"
"Bralyn Lux","CB","CIN                  CIN","25","2026","2026","1","$1,005,000","$1,005,000","0.33%","","","","$1,005,000","$1,005,000"
"Javon Foster","RT","CIN                  CIN","25","2026","2026","1","$1,005,000","$1,005,000","0.33%","","","","$1,005,000","$1,005,000"
"Howard Cross","DL","CIN                  CIN","24","2026","2026","1","$1,005,000","$1,005,000","0.33%","","","","$1,005,000","$1,005,000"
"Liam Anderson","LB","CIN                  CIN","25","2026","2026","1","$1,005,000","$1,005,000","0.33%","","","","$1,005,000","$1,005,000"
"Carlos Washington Jr.","RB","ATL                  ATL","27","2026","2026","1","$1,005,000","$1,005,000","0.33%","","","","$1,005,000","$1,005,000"
"Andrew Stueber","LT","ATL                  ATL","26","2026","2026","1","$1,005,000","$1,005,000","0.33%","","","","$1,005,000","$1,005,000"
"Jaden Davis","CB","ARI                  ARI","24","2026","2026","1","$1,005,000","$1,005,000","0.33%","","","","$1,005,000","$1,005,000"
"Ahmed Hassanein","ED","DET                  DET","23","2026","2026","1","$985,000","$985,000","0.32%","$25,000","$25,000","$25,000","$985,000","$985,000"
"Patrick Herbert","TE","JAX                  JAX","25","2026","2026","1","$918,667","$918,667","0.30%","$33,667","$33,667","$33,667","$918,667","$918,667"
"Thomas Gordon","TE","DET                  DET","","2026","2026","1","$885,000","$885,000","0.29%","","","","$885,000","$885,000"
"Kristian Williams","DL","DEN                  DEN","25","2026","2026","1","$885,000","$885,000","0.29%","","","","$885,000","$885,000"
"Nash Jones","G","DEN                  DEN","23","2026","2026","1","$885,000","$885,000","0.29%","","","","$885,000","$885,000"
"Marques Cox","T","DEN                  DEN","26","2026","2026","1","$885,000","$885,000","0.29%","","","","$885,000","$885,000"
"Jaden Robinson","CB","DEN                  DEN","25","2026","2026","1","$885,000","$885,000","0.29%","","","","$885,000","$885,000"
"Garrett Nelson","ED","DEN                  DEN","25","2026","2026","1","$885,000","$885,000","0.29%","","","","$885,000","$885,000"
"Jordan Miller","DL","DEN                  DEN","26","2026","2026","1","$885,000","$885,000","0.29%","","","","$885,000","$885,000"
"J.J. Galbreath","TE","PIT                  PIT","24","2026","2026","1","$885,000","$885,000","0.29%","","","","$885,000","$885,000"
"Jahvaree Ritzie","DL","PIT                  PIT","22","2026","2026","1","$885,000","$885,000","0.29%","","","","$885,000","$885,000"
"Qadir Ismail","WR","CHI                  CHI","","2026","2026","1","$885,000","$885,000","0.29%","","","","$885,000","$885,000"
"Joshua Simon","TE","ATL                  ATL","25","2026","2026","1","$885,000","$885,000","0.29%","","","","$885,000","$885,000"
"Drake Nugent","C","SF                  SF","24","2026","2026","1","$885,000","$885,000","0.29%","","","","$885,000","$885,000"
"Derrick Canteen","S","SF                  SF","24","2026","2026","1","$885,000","$885,000","0.29%","","","","$885,000","$885,000"
"Junior Bergen","WR","SF                  SF","","2026","2026","1","$885,000","$885,000","0.29%","","","","$885,000","$885,000"
"Isaac Alarcon","OL","SF                  SF","27","2026","2026","1","$885,000","$885,000","0.29%","","","","$885,000","$885,000"
"Lorenzo Thompson","LT","PIT                  PIT","25","2026","2026","1","$885,000","$885,000","0.29%","","","","$885,000","$885,000"
"Doneiko Slaughter","S","PIT                  PIT","24","2026","2026","1","$885,000","$885,000","0.29%","","","","$885,000","$885,000"
"Junior Tafuna","DL","HOU                  HOU","24","2026","2026","1","$885,000","$885,000","0.29%","","","","$885,000","$885,000"
"Luke Lachey","TE","HOU                  HOU","24","2026","2026","1","$885,000","$885,000","0.29%","","","","$885,000","$885,000"
"Josh Kelly","WR","HOU                  HOU","24","2026","2026","1","$885,000","$885,000","0.29%","","","","$885,000","$885,000"
"Eli Cox","C","HOU                  HOU","25","2026","2026","1","$885,000","$885,000","0.29%","","","","$885,000","$885,000"
"Kyle McCord","QB","GB                  GB","23","2026","2026","1","$885,000","$885,000","0.29%","","","","$885,000","$885,000"
"John Richardson","WR","CHI                  CHI","23","2026","2026","1","$885,000","$885,000","0.29%","","","","$885,000","$885,000"
"Jeremiah Martin","ED","CHI                  CHI","25","2026","2026","1","$885,000","$885,000","0.29%","","","","$885,000","$885,000"
"Luke Elkin","LS","CHI                  CHI","23","2026","2026","1","$885,000","$885,000","0.29%","","","","$885,000","$885,000"
"Dontae Manning","CB","CHI                  CHI","24","2026","2026","1","$885,000","$885,000","0.29%","","","","$885,000","$885,000"
"Michael Reid","CB","CAR                  CAR","23","2026","2026","1","$885,000","$885,000","0.29%","","","","$885,000","$885,000"
"Brandon Smith","WR","PIT                  PIT","27","2026","2026","1","$885,000","$885,000","0.29%","","","","$885,000","$885,000"
"Doug Nester","LT","PIT                  PIT","25","2026","2026","1","$885,000","$885,000","0.29%","","","","$885,000","$885,000"
"Ja'Quinden Jackson","RB","JAX                  JAX","24","2026","2026","1","$885,000","$885,000","0.29%","","","","$885,000","$885,000"
"Julius Welschof","ED","PIT                  PIT","28","2026","2026","1","$885,000","$885,000","0.29%","","","","$885,000","$885,000"
"John Rhys Plumlee","WR","PIT                  PIT","25","2026","2026","1","$885,000","$885,000","0.29%","","","","$885,000","$885,000"
"Lew Nichols III","RB","PIT                  PIT","24","2026","2026","1","$885,000","$885,000","0.29%","","","","$885,000","$885,000"
"Steven Jones","G","PIT                  PIT","25","2026","2026","1","$885,000","$885,000","0.29%","","","","$885,000","$885,000"
"Max Hurleman","S","PIT                  PIT","24","2026","2026","1","$885,000","$885,000","0.29%","","","","$885,000","$885,000"
"Jack Henderson","S","PIT                  PIT","24","2026","2026","1","$885,000","$885,000","0.29%","","","","$885,000","$885,000"
"Daequan Hardy","CB","PIT                  PIT","24","2026","2026","1","$885,000","$885,000","0.29%","","","","$885,000","$885,000"
"Cole Burgess","WR","PIT                  PIT","25","2026","2026","1","$885,000","$885,000","0.29%","","","","$885,000","$885,000"
"Kyler Baugh","DL","PIT                  PIT","24","2026","2026","1","$885,000","$885,000","0.29%","","","","$885,000","$885,000"
"Thomas Yassmin","TE","LAC                  LAC","26","2026","2026","1","$885,000","$885,000","0.29%","","","","$885,000","$885,000"
"Isas Waxter","CB","LAC                  LAC","24","2026","2026","1","$885,000","$885,000","0.29%","","","","$885,000","$885,000"
"DJ Uiagalelei","QB","LAC                  LAC","24","2026","2026","1","$885,000","$885,000","0.29%","","","","$885,000","$885,000"
"Branson Taylor","T","LAC                  LAC","23","2026","2026","1","$885,000","$885,000","0.29%","","","","$885,000","$885,000"
"Garmon Randolph","ED","LAC                  LAC","25","2026","2026","1","$885,000","$885,000","0.29%","","","","$885,000","$885,000"
"Josh Kaltenberger","C","LAC                  LAC","24","2026","2026","1","$885,000","$885,000","0.29%","","","","$885,000","$885,000"
"Emany Johnson","S","LAC                  LAC","25","2026","2026","1","$885,000","$885,000","0.29%","","","","$885,000","$885,000"
"Amar Johnson","RB","LAC                  LAC","22","2026","2026","1","$885,000","$885,000","0.29%","","","","$885,000","$885,000"
"JaQuae Jackson","WR","LAC                  LAC","25","2026","2026","1","$885,000","$885,000","0.29%","","","","$885,000","$885,000"
"Luke Grimm","WR","LAC                  LAC","24","2026","2026","1","$885,000","$885,000","0.29%","","","","$885,000","$885,000"
"TeRah Edwards","DL","LAC                  LAC","24","2026","2026","1","$885,000","$885,000","0.29%","","","","$885,000","$885,000"
"Peter Bowden","LS","LAC                  LAC","24","2026","2026","1","$885,000","$885,000","0.29%","","","","$885,000","$885,000"
"Isaiah Neyor","WR","GB                  GB","24","2026","2026","1","$885,000","$885,000","0.29%","","","","$885,000","$885,000"
"Mac Dalena","WR","NYJ                  NYJ","24","2026","2026","1","$885,000","$885,000","0.29%","","","","$885,000","$885,000"
"Tre Watson","TE","KC                  KC","23","2026","2026","1","$885,000","$885,000","0.29%","","","","$885,000","$885,000"
"Kilian Zierer","T","JAX                  JAX","25","2026","2026","1","$885,000","$885,000","0.29%","","","","$885,000","$885,000"
"Sal Wormley","G","JAX                  JAX","24","2026","2026","1","$885,000","$885,000","0.29%","","","","$885,000","$885,000"
"Trevian Thomas","S","JAX                  JAX","23","2026","2026","1","$885,000","$885,000","0.29%","","","","$885,000","$885,000"
"Keivie Rose","DL","JAX                  JAX","25","2026","2026","1","$885,000","$885,000","0.29%","","","","$885,000","$885,000"
"Jabbar Muhammad","S","JAX                  JAX","24","2026","2026","1","$885,000","$885,000","0.29%","","","","$885,000","$885,000"
"Keni-H Lovely","CB","JAX                  JAX","25","2026","2026","1","$885,000","$885,000","0.29%","","","","$885,000","$885,000"
"Jerome Carvin","G","JAX                  JAX","25","2026","2026","1","$885,000","$885,000","0.29%","","","","$885,000","$885,000"
"Chandler Brayboy","WR","JAX                  JAX","24","2026","2026","1","$885,000","$885,000","0.29%","","","","$885,000","$885,000"
"Will Sheppard","WR","GB                  GB","","2026","2026","1","$885,000","$885,000","0.29%","","","","$885,000","$885,000"
"Mark Perry","S","GB                  GB","24","2026","2026","1","$885,000","$885,000","0.29%","","","","$885,000","$885,000"
"Damien Martinez","RB","GB                  GB","21","2026","2026","1","$885,000","$885,000","0.29%","","","","$885,000","$885,000"
"Tyron Herring","S","GB                  GB","24","2026","2026","1","$885,000","$885,000","0.29%","","","","$885,000","$885,000"
"James Ester","DL","GB                  GB","24","2026","2026","1","$885,000","$885,000","0.29%","","","","$885,000","$885,000"
"Drake Dabney","TE","GB                  GB","23","2026","2026","1","$885,000","$885,000","0.29%","","","","$885,000","$885,000"
"Dalton Cooper","T","GB                  GB","24","2026","2026","1","$885,000","$885,000","0.29%","","","","$885,000","$885,000"
"McCallan Castles","TE","GB                  GB","26","2026","2026","1","$885,000","$885,000","0.29%","","","","$885,000","$885,000"
"Anthony Campbell","DL","GB                  GB","","2026","2026","1","$885,000","$885,000","0.29%","","","","$885,000","$885,000"
"Karsen Barnhart","G","GB                  GB","24","2026","2026","1","$885,000","$885,000","0.29%","","","","$885,000","$885,000"
"Dante Barnett","DL","GB                  GB","22","2026","2026","1","$885,000","$885,000","0.29%","","","","$885,000","$885,000"
"Anthony Tyus III","RB","CAR                  CAR","22","2026","2026","1","$885,000","$885,000","0.29%","","","","$885,000","$885,000"
"Ja'Seem Reed","WR","CAR                  CAR","22","2026","2026","1","$885,000","$885,000","0.29%","","","","$885,000","$885,000"
"Bryce Pierre","TE","CAR                  CAR","24","2026","2026","1","$885,000","$885,000","0.29%","","","","$885,000","$885,000"
"Mapalo Mwansa","LB","CAR                  CAR","21","2026","2026","1","$885,000","$885,000","0.29%","","","","$885,000","$885,000"
"Jamil Muhammad","ED","CAR                  CAR","24","2026","2026","1","$885,000","$885,000","0.29%","","","","$885,000","$885,000"
"Montrell Johnson","RB","CAR                  CAR","23","2026","2026","1","$885,000","$885,000","0.29%","","","","$885,000","$885,000"
"Joshua Gray","G","CAR                  CAR","25","2026","2026","1","$885,000","$885,000","0.29%","","","","$885,000","$885,000"
"Jared Bartlett","LB","CAR                  CAR","24","2026","2026","1","$885,000","$885,000","0.29%","","","","$885,000","$885,000"
"Isaiah Wooden","WR","CLE                  CLE","25","2026","2026","1","$885,000","$885,000","0.29%","","","","$885,000","$885,000"
"Nik Constantinou","P","CLE                  CLE","","2026","2026","1","$885,000","$885,000","0.29%","","","","$885,000","$885,000"
"Jaylon Hutchings","DL","MIN                  MIN","","2026","2026","1","$885,000","$885,000","0.29%","","","","$885,000","$885,000"
"Nick Nash","WR","WAS                  WAS","25","2026","2026","1","$885,000","$885,000","0.29%","","","","$885,000","$885,000"
"Tyler Cooper","G","WAS                  WAS","24","2026","2026","1","$885,000","$885,000","0.29%","","","","$885,000","$885,000"
"ShunDerrick Powell","RB","KC                  KC","23","2026","2026","1","$885,000","$885,000","0.29%","","","","$885,000","$885,000"
"Andrew Armstrong","WR","KC                  KC","25","2026","2026","1","$885,000","$885,000","0.29%","","","","$885,000","$885,000"
"Joseph Vaughn","LB","IND                  IND","","2026","2026","1","$885,000","$885,000","0.29%","","","","$885,000","$885,000"
"Seth McLaughlin","C","DET                  DET","24","2026","2026","1","$885,000","$885,000","0.29%","","","","$885,000","$885,000"
"Car'lin Vigers","CB","WAS                  WAS","25","2026","2026","1","$885,000","$885,000","0.29%","","","","$885,000","$885,000"
"Tim McKay","G","WAS                  WAS","23","2026","2026","1","$885,000","$885,000","0.29%","","","","$885,000","$885,000"
"Rob McDaniel","CB","WAS                  WAS","25","2026","2026","1","$885,000","$885,000","0.29%","","","","$885,000","$885,000"
"T.J. Maguranyanga","LB","WAS                  WAS","23","2026","2026","1","$885,000","$885,000","0.29%","","","","$885,000","$885,000"
"Jacoby Jones","WR","WAS                  WAS","24","2026","2026","1","$885,000","$885,000","0.29%","","","","$885,000","$885,000"
"Ja’Corey Brooks","WR","WAS                  WAS","24","2026","2026","1","$885,000","$885,000","0.29%","","","","$885,000","$885,000"
"Ricky Barber","DL","WAS                  WAS","24","2026","2026","1","$885,000","$885,000","0.29%","","","","$885,000","$885,000"
"Myles Purchase","CB","NYG                  NYG","23","2026","2026","1","$885,000","$885,000","0.29%","","","","$885,000","$885,000"
"Reid Holskey","G","NYG                  NYG","24","2026","2026","1","$885,000","$885,000","0.29%","","","","$885,000","$885,000"
"Trace Ford","ED","NYG                  NYG","24","2026","2026","1","$885,000","$885,000","0.29%","","","","$885,000","$885,000"
"Bryson Nesbit","TE","MIN                  MIN","23","2026","2026","1","$885,000","$885,000","0.29%","","","","$885,000","$885,000"
"Vershon Lee","G","MIN                  MIN","","2026","2026","1","$885,000","$885,000","0.29%","","","","$885,000","$885,000"
"Jeshaun Jones","WR","MIN                  MIN","26","2026","2026","1","$885,000","$885,000","0.29%","","","","$885,000","$885,000"
"Dontae Fleming","WR","MIN                  MIN","24","2026","2026","1","$885,000","$885,000","0.29%","","","","$885,000","$885,000"
"Caleb Etienne","T","MIN                  MIN","24","2026","2026","1","$885,000","$885,000","0.29%","","","","$885,000","$885,000"
"Joaquin Davis","WR","MIN                  MIN","23","2026","2026","1","$885,000","$885,000","0.29%","","","","$885,000","$885,000"
"Dalton Wagner","RT","LV                  LV","27","2026","2026","1","$885,000","$885,000","0.29%","","","","$885,000","$885,000"
"Laki Tasi","DL","LV                  LV","22","2026","2026","1","$885,000","$885,000","0.29%","","","","$885,000","$885,000"
"Treven Ma'ae","DL","LV                  LV","24","2026","2026","1","$885,000","$885,000","0.29%","","","","$885,000","$885,000"
"Jimmy Holiday","WR","KC                  KC","24","2026","2026","1","$885,000","$885,000","0.29%","","","","$885,000","$885,000"
"Marcus Harris","DL","KC                  KC","25","2026","2026","1","$885,000","$885,000","0.29%","","","","$885,000","$885,000"
"Kam Arnold","LB","KC                  KC","23","2026","2026","1","$885,000","$885,000","0.29%","","","","$885,000","$885,000"
"Tim Smith","DL","IND                  IND","23","2026","2026","1","$885,000","$885,000","0.29%","","","","$885,000","$885,000"
"Eli Pancol","WR","IND                  IND","25","2026","2026","1","$885,000","$885,000","0.29%","","","","$885,000","$885,000"
"Coleman Owen","WR","IND                  IND","24","2026","2026","1","$885,000","$885,000","0.29%","","","","$885,000","$885,000"
"Ben Nikkel","S","IND                  IND","26","2026","2026","1","$885,000","$885,000","0.29%","","","","$885,000","$885,000"
"Bayron Matos","T","IND                  IND","25","2026","2026","1","$885,000","$885,000","0.29%","","","","$885,000","$885,000"
"Seth Henigan","QB","IND                  IND","22","2026","2026","1","$885,000","$885,000","0.29%","","","","$885,000","$885,000"
"LaDarius Henderson","G","IND                  IND","24","2026","2026","1","$885,000","$885,000","0.29%","","","","$885,000","$885,000"
"Ulysses Bentley","RB","IND                  IND","25","2026","2026","1","$885,000","$885,000","0.29%","","","","$885,000","$885,000"
"Jabari Small","RB","DET                  DET","23","2026","2026","1","$885,000","$885,000","0.29%","","","","$885,000","$885,000"
"Mason Miller","T","DET                  DET","24","2026","2026","1","$885,000","$885,000","0.29%","","","","$885,000","$885,000"
"Jackson Meeks","WR","DET                  DET","22","2026","2026","1","$885,000","$885,000","0.29%","","","","$885,000","$885,000"
"Zach Horton","TE","DET                  DET","23","2026","2026","1","$885,000","$885,000","0.29%","","","","$885,000","$885,000"
"Caden Prieskorn","TE","CLE                  CLE","26","2026","2026","1","$885,000","$885,000","0.29%","","","","$885,000","$885,000"
"Ahmani Marshall","RB","CLE                  CLE","23","2026","2026","1","$885,000","$885,000","0.29%","","","","$885,000","$885,000"
"Luke Floriea","WR","CLE                  CLE","24","2026","2026","1","$885,000","$885,000","0.29%","","","","$885,000","$885,000"
"Jack Conley","G","CLE                  CLE","24","2026","2026","1","$885,000","$885,000","0.29%","","","","$885,000","$885,000"
"Sal Cannella","TE","CLE                  CLE","29","2026","2026","1","$885,000","$885,000","0.29%","","","","$885,000","$885,000"
"Antwaun Powell-Ryland","LB","CIN                  CIN","23","2026","2026","1","$885,000","$885,000","0.29%","","","","$885,000","$885,000"
"Jordan Moore","WR","CIN                  CIN","23","2026","2026","1","$885,000","$885,000","0.29%","","","","$885,000","$885,000"
"Jalen Kimber","S","CIN                  CIN","24","2026","2026","1","$885,000","$885,000","0.29%","","","","$885,000","$885,000"
"Xavier Johnson","WR","CIN                  CIN","26","2026","2026","1","$885,000","$885,000","0.29%","","","","$885,000","$885,000"
"Andrew Coker","RT","CIN                  CIN","24","2026","2026","1","$885,000","$885,000","0.29%","","","","$885,000","$885,000"
"Jacob Bayer","C","CIN                  CIN","23","2026","2026","1","$885,000","$885,000","0.29%","","","","$885,000","$885,000"
"Lucas Scott","T","BAL                  BAL","22","2026","2026","1","$885,000","$885,000","0.29%","","","","$885,000","$885,000"
"Kaimon Rucker","ED","BAL                  BAL","23","2026","2026","1","$885,000","$885,000","0.29%","","","","$885,000","$885,000"
"Marquise Robinson","CB","BAL                  BAL","23","2026","2026","1","$885,000","$885,000","0.29%","","","","$885,000","$885,000"
"Jared Penning","G","BAL                  BAL","25","2026","2026","1","$885,000","$885,000","0.29%","","","","$885,000","$885,000"
"David Olajiga","DL","BAL                  BAL","28","2026","2026","1","$885,000","$885,000","0.29%","","","","$885,000","$885,000"
"Cornelius Johnson","WR","BAL                  BAL","25","2026","2026","1","$885,000","$885,000","0.29%","","","","$885,000","$885,000"
"Gerad Christian-Lichtenhan","T","BAL                  BAL","24","2026","2026","1","$885,000","$885,000","0.29%","","","","$885,000","$885,000"
"A.J. Woods","CB","ATL                  ATL","24","2026","2026","1","$885,000","$885,000","0.29%","","","","$885,000","$885,000"
"Tysheem Johnson","S","ATL                  ATL","23","2026","2026","1","$885,000","$885,000","0.29%","","","","$885,000","$885,000"
"Bryson Green","WR","ARI                  ARI","23","2026","2026","1","$885,000","$885,000","0.29%","","","","$885,000","$885,000"
"Elliott Brown","LB","ARI                  ARI","27","2026","2026","1","$885,000","$885,000","0.29%","","","","$885,000","$885,000"
"Zack Kuntz","TE","MIA                  MIA","26","2026","","","","","","","","","",""

